County Code,State Name,County Name
001,Alabama,Autauga
009,Alabama,Blount
017,Alabama,Chambers
021,Alabama,Chilton
033,Alabama,Colbert
045,Alabama,Dale
051,Alabama,Elmore
065,Alabama,Hale
079,Alabama,Lawrence
083,Alabama,Limestone
099,Alabama,Monroe
107,Alabama,Pickens
121,Alabama,Talladega
050,Alaska,Bethel
105,Alaska,Hoonah-Angoon
122,Alaska,Kenai Peninsula
150,Alaska,Kodiak Island
164,Alaska,Lake and Peninsula
180,Alaska,Nome
188,Alaska,Northwest Arctic
198,Alaska,Prince of Wales-Hyder
141,Arkansas,Van Buren
145,Arkansas,White
005,California,Amador
021,California,Glenn
033,California,Lake
043,California,Mariposa
055,California,Napa
089,California,Shasta
099,California,Stanislaus
115,California,Yuba
003,Colorado,Alamosa
013,Colorado,Boulder
014,Colorado,Broomfield
025,Colorado,Crowley
031,Colorado,Denver
035,Colorado,Douglas
047,Colorado,Gilpin
083,Florida,Marion
087,Florida,Monroe
095,Florida,Orange
111,Florida,St. Lucie
119,Florida,Sumter
125,Florida,Union
001,Georgia,Appling
013,Georgia,Barrow
029,Georgia,Bryan
043,Georgia,Candler
055,Georgia,Chattooga
059,Georgia,Clarke
071,Georgia,Colquitt
079,Georgia,Crawford
091,Georgia,Dodge
107,Georgia,Emanuel
113,Georgia,Fayette
123,Georgia,Gilmer
053,Colorado,Hinsdale
057,Colorado,Jackson
059,Colorado,Jefferson
073,Colorado,Lincoln
083,Colorado,Montezuma
095,Colorado,Phillips
105,Colorado,Rio Grande
111,Colorado,San Juan
123,Colorado,Weld
015,Connecticut,Windham
001,Florida,Alachua
013,Florida,Calhoun
023,Florida,Columbia
039,Florida,Gadsden
055,Florida,Highlands
059,Florida,Holmes
073,Florida,Leon
261,Alaska,Valdez-Cordova
270,Alaska,Wade Hampton
003,Arizona,Cochise
013,Arizona,Maricopa
001,Arkansas,Arkansas
009,Arkansas,Boone
019,Arkansas,Clark
029,Arkansas,Conway
043,Arkansas,Drew
051,Arkansas,Garland
061,Arkansas,Howard
071,Arkansas,Johnson
085,Arkansas,Lonoke
097,Arkansas,Montgomery
101,Arkansas,Newton
111,Arkansas,Poinsett
123,Arkansas,St. Francis
129,Arkansas,Searcy
309,Georgia,Wheeler
313,Georgia,Whitfield
319,Georgia,Wilkinson
009,Hawaii,Maui
015,Idaho,Boise
021,Idaho,Boundary
045,Idaho,Gem
051,Idaho,Jefferson
057,Idaho,Latah
067,Idaho,Minidoka
081,Idaho,Teton
005,Illinois,Bond
009,Illinois,Brown
019,Illinois,Champaign
029,Illinois,Coles
035,Illinois,Cumberland
049,Illinois,Effingham
055,Illinois,Franklin
065,Illinois,Hamilton
051,Indiana,Gibson
059,Indiana,Hancock
069,Indiana,Huntington
079,Indiana,Jennings
085,Indiana,Kosciusko
095,Indiana,Madison
105,Indiana,Monroe
115,Indiana,Ohio
125,Indiana,Pike
131,Indiana,Pulaski
139,Indiana,Rush
153,Indiana,Sullivan
173,Indiana,Warrick
179,Indiana,Wells
183,Indiana,Whitley
009,Iowa,Audubon
017,Iowa,Bremer
021,Iowa,Buena Vista
031,Iowa,Cedar
039,Iowa,Clarke
073,Illinois,Henry
077,Illinois,Jackson
079,Illinois,Jasper
089,Illinois,Kane
103,Illinois,Lee
107,Illinois,Logan
121,Illinois,Marion
129,Illinois,Menard
139,Illinois,Moultrie
145,Illinois,Perry
155,Illinois,Putnam
169,Illinois,Schuyler
175,Illinois,Stark
179,Illinois,Tazewell
189,Illinois,Washington
203,Illinois,Woodford
009,Indiana,Blackford
011,Indiana,Boone
021,Indiana,Clay
033,Indiana,DeKalb
125,Georgia,Glascock
129,Georgia,Gordon
131,Georgia,Grady
139,Georgia,Hall
157,Georgia,Jackson
169,Georgia,Jones
175,Georgia,Laurens
187,Georgia,Lumpkin
197,Georgia,Marion
201,Georgia,Miller
217,Georgia,Newton
225,Georgia,Peach
233,Georgia,Polk
243,Georgia,Randolph
253,Georgia,Seminole
265,Georgia,Taliaferro
277,Georgia,Tift
285,Georgia,Troup
293,Georgia,Upson
303,Georgia,Washington
027,Kansas,Clay
029,Kansas,Cloud
039,Kansas,Decatur
049,Kansas,Elk
065,Kansas,Graham
075,Kansas,Hamilton
085,Kansas,Jackson
095,Kansas,Kingman
105,Kansas,Lincoln
115,Kansas,Marion
127,Kansas,Morris
135,Kansas,Ness
145,Kansas,Pawnee
155,Kansas,Reno
163,Kansas,Rooks
173,Kansas,Sedgwick
185,Kansas,Stafford
195,Kansas,Trego
203,Kansas,Wichita
205,Kansas,Wilson
183,Kentucky,Ohio
187,Kentucky,Owen
189,Kentucky,Owsley
199,Kentucky,Pulaski
209,Kentucky,Scott
219,Kentucky,Todd
229,Kentucky,Washington
001,Louisiana,Acadia
013,Louisiana,Bienville
033,Louisiana,East Baton Rouge
053,Louisiana,Jefferson Davis
073,Louisiana,Ouachita
077,Louisiana,Pointe Coupee
089,Louisiana,St. Charles
105,Louisiana,Tangipahoa
115,Louisiana,Vernon
003,Kentucky,Allen
009,Kentucky,Barren
017,Kentucky,Bourbon
025,Kentucky,Breathitt
031,Kentucky,Butler
043,Kentucky,Carter
053,Kentucky,Clinton
063,Kentucky,Elliott
077,Kentucky,Gallatin
087,Kentucky,Green
099,Kentucky,Hart
103,Kentucky,Henry
115,Kentucky,Johnson
121,Kentucky,Knox
137,Kentucky,Lincoln
143,Kentucky,Lyon
151,Kentucky,Madison
157,Kentucky,Marshall
169,Kentucky,Metcalfe
175,Kentucky,Morgan
045,Iowa,Clinton
047,Iowa,Crawford
055,Iowa,Delaware
063,Iowa,Emmet
067,Iowa,Floyd
079,Iowa,Hamilton
087,Iowa,Henry
095,Iowa,Iowa
105,Iowa,Jones
113,Iowa,Linn
121,Iowa,Madison
125,Iowa,Marion
137,Iowa,Montgomery
141,Iowa,O'Brien
151,Iowa,Pocahontas
161,Iowa,Sac
169,Iowa,Story
175,Iowa,Union
181,Iowa,Warren
195,Iowa,Worth
005,Kansas,Atchison
015,Kansas,Butler
073,Minnesota,Lac qui Parle
083,Minnesota,Lyon
085,Minnesota,McLeod
093,Minnesota,Meeker
103,Minnesota,Nicollet
113,Minnesota,Pennington
121,Minnesota,Pope
127,Minnesota,Redwood
147,Minnesota,Steele
153,Minnesota,Todd
161,Minnesota,Waseca
003,Mississippi,Alcorn
013,Mississippi,Calhoun
017,Mississippi,Chickasaw
029,Mississippi,Copiah
037,Mississippi,Franklin
049,Mississippi,Hinds
061,Mississippi,Jasper
065,Mississippi,Jefferson Davis
075,Mississippi,Lauderdale
121,Louisiana,West Baton Rouge
127,Louisiana,Winn
009,Maine,Hancock
029,Maine,Washington
001,Maryland,Allegany
003,Maryland,Anne Arundel
009,Maryland,Calvert
017,Maryland,Charles
019,Maryland,Dorchester
029,Maryland,Kent
035,Maryland,Queen Anne's
037,Maryland,St. Mary's
039,Maryland,Somerset
041,Maryland,Talbot
011,Massachusetts,Franklin
009,Michigan,Antrim
015,Michigan,Barry
023,Michigan,Branch
035,Michigan,Clare
037,Michigan,Clinton
045,Michigan,Eaton
057,Michigan,Gratiot
061,Michigan,Houghton
073,Michigan,Isabella
077,Michigan,Kalamazoo
083,Michigan,Keweenaw
085,Michigan,Lake
091,Michigan,Lenawee
097,Michigan,Mackinac
103,Michigan,Marquette
107,Michigan,Mecosta
111,Michigan,Midland
117,Michigan,Montcalm
123,Michigan,Newaygo
133,Michigan,Osceola
143,Michigan,Roscommon
155,Michigan,Shiawassee
161,Michigan,Washtenaw
165,Michigan,Wexford
009,Minnesota,Benton
019,Minnesota,Carver
029,Minnesota,Clearwater
039,Minnesota,Dodge
051,Minnesota,Grant
057,Minnesota,Hubbard
067,Minnesota,Kandiyohi
097,Missouri,Jasper
103,Missouri,Knox
109,Missouri,Lawrence
117,Missouri,Livingston
131,Missouri,Miller
137,Missouri,Monroe
151,Missouri,Osage
159,Missouri,Pettis
169,Missouri,Pulaski
179,Missouri,Reynolds
195,Missouri,Saline
205,Missouri,Shelby
211,Missouri,Sullivan
221,Missouri,Washington
229,Missouri,Wright
013,Montana,Cascade
037,Montana,Golden Valley
043,Montana,Jefferson
121,Nebraska,Merrick
125,Nebraska,Nance
135,Nebraska,Perkins
137,Nebraska,Phelps
147,Nebraska,Richardson
159,Nebraska,Seward
163,Nebraska,Sherman
171,Nebraska,Thomas
183,Nebraska,Wheeler
009,Nevada,Esmeralda
021,Nevada,Mineral
033,Nevada,White Pine
007,New Jersey,Camden
015,New Jersey,Gloucester
031,New Jersey,Passaic
001,New Mexico,Bernalillo
006,New Mexico,Cibola
051,Montana,Liberty
059,Montana,Meagher
069,Montana,Petroleum
093,Montana,Silver Bow
099,Montana,Teton
107,Montana,Wheatland
003,Nebraska,Antelope
009,Nebraska,Blaine
023,Nebraska,Butler
035,Nebraska,Clay
037,Nebraska,Colfax
047,Nebraska,Dawson
053,Nebraska,Dodge
063,Nebraska,Frontier
073,Nebraska,Gosper
085,Nebraska,Hayes
093,Nebraska,Howard
097,Nebraska,Johnson
117,Nebraska,McPherson
079,Mississippi,Leake
083,Mississippi,Leflore
095,Mississippi,Monroe
099,Mississippi,Neshoba
103,Mississippi,Noxubee
115,Mississippi,Pontotoc
117,Mississippi,Prentiss
127,Mississippi,Simpson
139,Mississippi,Tippah
151,Mississippi,Washington
001,Missouri,Adair
009,Missouri,Barry
021,Missouri,Buchanan
033,Missouri,Carroll
043,Missouri,Christian
053,Missouri,Cooper
065,Missouri,Dent
075,Missouri,Gentry
085,Missouri,Hickory
001,North Carolina,Alamance
005,North Carolina,Alleghany
017,North Carolina,Bladen
021,North Carolina,Buncombe
027,North Carolina,Caldwell
055,North Carolina,Dare
057,North Carolina,Davidson
067,North Carolina,Forsyth
081,North Carolina,Guilford
091,North Carolina,Hertford
103,North Carolina,Jones
117,North Carolina,Martin
127,North Carolina,Nash
141,North Carolina,Pender
151,North Carolina,Randolph
165,North Carolina,Scotland
167,North Carolina,Stanly
055,Ohio,Geauga
063,Ohio,Hancock
065,Ohio,Hardin
075,Ohio,Holmes
089,Ohio,Licking
097,Ohio,Madison
109,Ohio,Miami
121,Ohio,Noble
131,Ohio,Pike
143,Ohio,Sandusky
147,Ohio,Seneca
159,Ohio,Union
169,Ohio,Wayne
173,Ohio,Wood
009,Oklahoma,Beckham
019,Oklahoma,Carter
031,Oklahoma,Comanche
043,Oklahoma,Dewey
053,Oklahoma,Grant
181,North Carolina,Vance
191,North Carolina,Wayne
197,North Carolina,Yadkin
007,North Dakota,Billings
019,North Dakota,Cavalier
031,North Dakota,Foster
035,North Dakota,Grand Forks
045,North Dakota,LaMoure
061,North Dakota,Mountrail
073,North Dakota,Ransom
079,North Dakota,Rolette
091,North Dakota,Steele
103,North Dakota,Wells
003,Ohio,Allen
015,Ohio,Brown
027,Ohio,Clinton
039,Ohio,Defiance
047,Ohio,Fayette
015,New Mexico,Eddy
027,New Mexico,Lincoln
028,New Mexico,Los Alamos
045,New Mexico,San Juan
053,New Mexico,Socorro
003,New York,Allegany
021,New York,Columbia
037,New York,Genesee
043,New York,Herkimer
057,New York,Montgomery
069,New York,Ontario
083,New York,Rensselaer
095,New York,Schoharie
109,New York,Tompkins
121,New York,Wyoming
123,New York,Yates
013,Pennsylvania,Blair
015,Pennsylvania,Bradford
021,Pennsylvania,Cambria
031,Pennsylvania,Clarion
047,Pennsylvania,Elk
063,Pennsylvania,Indiana
069,Pennsylvania,Lackawanna
087,Pennsylvania,Mifflin
093,Pennsylvania,Montour
105,Pennsylvania,Potter
113,Pennsylvania,Sullivan
123,Pennsylvania,Warren
005,South Carolina,Allendale
009,South Carolina,Bamberg
027,South Carolina,Clarendon
039,South Carolina,Fairfield
005,Tennessee,Benton
007,Tennessee,Bledsoe
013,Tennessee,Campbell
027,Tennessee,Clay
031,Tennessee,Coffee
045,Tennessee,Dyer
057,Tennessee,Grainger
069,Tennessee,Hardeman
081,Tennessee,Hickman
093,Tennessee,Knox
105,Tennessee,Loudon
117,Tennessee,Marshall
129,Tennessee,Morgan
139,Tennessee,Polk
151,Tennessee,Scott
173,Tennessee,Union
179,Tennessee,Washington
049,South Carolina,Hampton
053,South Carolina,Jasper
075,South Carolina,Orangeburg
081,South Carolina,Saluda
003,South Dakota,Aurora
007,South Dakota,Bennett
017,South Dakota,Buffalo
029,South Dakota,Codington
035,South Dakota,Davison
043,South Dakota,Douglas
055,South Dakota,Haakon
061,South Dakota,Hanson
087,South Dakota,McCook
095,South Dakota,Mellette
103,South Dakota,Pennington
111,South Dakota,Sanborn
125,South Dakota,Turner
137,South Dakota,Ziebach
059,Oklahoma,Harper
063,Oklahoma,Hughes
073,Oklahoma,Kingfisher
081,Oklahoma,Lincoln
087,Oklahoma,McClain
097,Oklahoma,Mayes
109,Oklahoma,Oklahoma
123,Oklahoma,Pontotoc
127,Oklahoma,Pushmataha
147,Oklahoma,Washington
153,Oklahoma,Woodward
017,Oregon,Deschutes
031,Oregon,Jefferson
037,Oregon,Lake
053,Oregon,Polk
069,Oregon,Wheeler
005,Pennsylvania,Armstrong
357,Texas,Ochiltree
359,Texas,Oldham
367,Texas,Parker
379,Texas,Rains
381,Texas,Randall
393,Texas,Roberts
397,Texas,Rockwall
411,Texas,San Saba
425,Texas,Somervell
429,Texas,Stephens
433,Texas,Stonewall
445,Texas,Terry
449,Texas,Titus
459,Texas,Upshur
463,Texas,Uvalde
475,Texas,Ward
491,Texas,Williamson
497,Texas,Wise
507,Texas,Zavala
011,Utah,Davis
185,Tennessee,White
189,Tennessee,Wilson
009,Texas,Archer
011,Texas,Armstrong
021,Texas,Bastrop
031,Texas,Blanco
047,Texas,Brooks
053,Texas,Burnet
063,Texas,Camp
069,Texas,Castro
079,Texas,Cochran
095,Texas,Concho
099,Texas,Coryell
103,Texas,Crane
115,Texas,Dawson
123,Texas,DeWitt
127,Texas,Dimmit
137,Texas,Edwards
149,Texas,Fayette
159,Texas,Franklin
169,Texas,Garza
177,Texas,Gonzales
179,Texas,Gray
185,Texas,Grimes
191,Texas,Hall
195,Texas,Hansford
217,Texas,Hill
227,Texas,Howard
233,Texas,Hutchinson
247,Texas,Jim Hogg
251,Texas,Johnson
263,Texas,Kent
265,Texas,Kerr
275,Texas,Knox
283,Texas,La Salle
297,Texas,Live Oak
303,Texas,Lubbock
309,Texas,McLennan
319,Texas,Mason
329,Texas,Midland
339,Texas,Montgomery
349,Texas,Navarro
353,Texas,Nolan
121,Virginia,Montgomery
125,Virginia,Nelson
141,Virginia,Patrick
145,Virginia,Powhatan
155,Virginia,Pulaski
157,Virginia,Rappahannock
173,Virginia,Smyth
187,Virginia,Warren
197,Virginia,Wythe
510,Virginia,Alexandria
530,Virginia,Buena Vista
540,Virginia,Charlottesville
595,Virginia,Emporia
660,Virginia,Harrisonburg
670,Virginia,Hopewell
760,Virginia,Richmond
775,Virginia,Salem
820,Virginia,Waynesboro
013,Washington,Columbia
021,Washington,Franklin
029,Wisconsin,Door
033,Wisconsin,Dunn
039,Wisconsin,Fond du Lac
045,Wisconsin,Green
063,Wisconsin,La Crosse
069,Wisconsin,Lincoln
073,Wisconsin,Marathon
081,Wisconsin,Monroe
095,Wisconsin,Polk
103,Wisconsin,Richland
115,Wisconsin,Shawano
129,Wisconsin,Washburn
141,Wisconsin,Wood
025,Wyoming,Natrona
031,Wyoming,Platte
033,Wyoming,Sheridan
045,Wyoming,Weston
013,Unknown State,Arecibo
041,Washington,Lewis
045,Washington,Mason
065,Washington,Stevens
001,West Virginia,Barbour
007,West Virginia,Braxton
013,West Virginia,Calhoun
021,West Virginia,Gilmer
039,West Virginia,Kanawha
049,West Virginia,Marion
061,West Virginia,Monongalia
079,West Virginia,Putnam
089,West Virginia,Summers
101,West Virginia,Webster
003,Wisconsin,Ashland
005,Wisconsin,Barron
007,Wisconsin,Bayfield
017,Wisconsin,Chippewa
025,Wisconsin,Dane
029,Utah,Morgan
031,Utah,Piute
035,Utah,Salt Lake
051,Utah,Wasatch
005,Vermont,Caledonia
019,Vermont,Orleans
007,Virginia,Amelia
017,Virginia,Bath
029,Virginia,Buckingham
043,Virginia,Clarke
047,Virginia,Culpeper
063,Virginia,Floyd
075,Virginia,Goochland
101,Virginia,King William
111,Virginia,Lunenburg
113,Virginia,Madison
023,Alabama,Choctaw
025,Alabama,Clarke
029,Alabama,Cleburne
031,Alabama,Coffee
037,Alabama,Coosa
047,Alabama,Dallas
055,Alabama,Etowah
059,Alabama,Franklin
061,Alabama,Geneva
067,Alabama,Henry
071,Alabama,Jackson
081,Alabama,Lee
085,Alabama,Lowndes
087,Alabama,Macon
089,Alabama,Madison
070,Alaska,Dillingham
110,Alaska,Juneau
130,Alaska,Ketchikan Gateway
185,Alaska,North Slope
195,Alaska,Petersburg
220,Alaska,Sitka
230,Alaska,Skagway
143,Arkansas,Washington
147,Arkansas,Woodruff
003,California,Alpine
007,California,Butte
093,Alabama,Marion
095,Alabama,Marshall
097,Alabama,Mobile
101,Alabama,Montgomery
117,Alabama,Shelby
119,Alabama,Sumter
125,Alabama,Tuscaloosa
131,Alabama,Wilcox
020,Alaska,Anchorage
068,Alaska,Denali
019,Unknown State,Barranquitas
025,Unknown State,Caguas
031,Unknown State,Carolina
045,Unknown State,Comerío
054,Unknown State,Florida
061,Unknown State,Guaynabo
069,Unknown State,Humacao
083,Unknown State,Las Marías
093,Unknown State,Maricao
105,Unknown State,Naranjito
115,Unknown State,Quebradillas
129,Unknown State,San Lorenzo
135,Unknown State,Toa Alta
145,Unknown State,Vega Baja
007,Alabama,Bibb
011,Alabama,Bullock
015,Alabama,Calhoun
045,California,Mendocino
049,California,Modoc
051,California,Mono
057,California,Nevada
059,California,Orange
065,California,Riverside
069,California,San Benito
073,California,San Diego
075,California,San Francisco
113,California,Yolo
001,Colorado,Adams
007,Colorado,Archuleta
009,Colorado,Baca
015,Colorado,Chaffee
017,Colorado,Cheyenne
021,Colorado,Conejos
023,Colorado,Costilla
029,Colorado,Delta
037,Colorado,Eagle
043,Colorado,Fremont
081,California,San Mateo
083,California,Santa Barbara
087,California,Santa Cruz
095,California,Solano
101,California,Sutter
103,California,Tehama
109,California,Tuolumne
009,California,Calaveras
013,California,Contra Costa
015,California,Del Norte
013,Alaska,Aleutians East
149,Georgia,Heard
059,Kansas,Franklin
025,California,Imperial
029,California,Kern
031,California,Kings
039,California,Madera
067,Georgia,Cobb
069,Georgia,Coffee
073,Georgia,Columbia
077,Georgia,Coweta
081,Georgia,Crisp
087,Georgia,Decatur
093,Georgia,Dooly
095,Georgia,Dougherty
101,Georgia,Echols
103,Georgia,Effingham
109,Georgia,Evans
115,Georgia,Floyd
119,Georgia,Franklin
061,Colorado,Kiowa
063,Colorado,Kit Carson
069,Colorado,Larimer
089,Florida,Nassau
091,Florida,Okaloosa
097,Florida,Osceola
099,Florida,Palm Beach
101,Florida,Pasco
107,Florida,Putnam
109,Florida,St. Johns
113,Florida,Santa Rosa
115,Florida,Sarasota
117,Florida,Seminole
127,Florida,Volusia
131,Florida,Walton
003,Georgia,Atkinson
005,Georgia,Bacon
009,Georgia,Baldwin
015,Georgia,Bartow
023,Georgia,Bleckley
025,Georgia,Brantley
031,Georgia,Bulloch
037,Georgia,Calhoun
049,Georgia,Charlton
053,Georgia,Chattahoochee
057,Georgia,Cherokee
063,Georgia,Clayton
013,Connecticut,Tolland
005,Delaware,Sussex
001,District of Columbia,District of Columbia
003,Florida,Baker
005,Florida,Bay
011,Florida,Broward
015,Florida,Charlotte
071,Florida,Lee
079,Florida,Madison
081,Florida,Manatee
275,Alaska,Wrangell
085,Colorado,Montrose
017,Florida,Citrus
029,Florida,Dixie
031,Florida,Duval
041,Florida,Gilchrist
043,Florida,Glades
045,Florida,Gulf
049,Florida,Hardee
051,Florida,Hendry
053,Florida,Hernando
061,Florida,Indian River
063,Florida,Jackson
069,Florida,Lake
075,Colorado,Logan
077,Colorado,Mesa
081,Colorado,Moffat
087,Colorado,Morgan
091,Colorado,Ouray
097,Colorado,Pitkin
103,Colorado,Rio Blanco
109,Colorado,Saguache
119,Colorado,Teller
121,Colorado,Washington
125,Colorado,Yuma
003,Connecticut,Hartford
007,Connecticut,Middlesex
015,Arkansas,Carroll
017,Arkansas,Chicot
025,Arkansas,Cleveland
027,Arkansas,Columbia
033,Arkansas,Crawford
045,Arkansas,Faulkner
047,Arkansas,Franklin
053,Arkansas,Grant
059,Arkansas,Hot Spring
067,Arkansas,Jackson
073,Arkansas,Lafayette
081,Arkansas,Little River
083,Arkansas,Logan
087,Arkansas,Madison
001,Hawaii,Hawaii
007,Hawaii,Kauai
001,Idaho,Ada
003,Idaho,Adams
009,Idaho,Benewah
017,Idaho,Bonner
019,Idaho,Bonneville
089,Arkansas,Marion
091,Arkansas,Miller
093,Arkansas,Mississippi
099,Arkansas,Nevada
103,Arkansas,Ouachita
113,Arkansas,Polk
115,Arkansas,Pope
121,Arkansas,Randolph
133,Arkansas,Sevier
137,Arkansas,Stone
317,Georgia,Wilkes
321,Georgia,Worth
005,Arizona,Coconino
009,Arizona,Graham
011,Arizona,Greenlee
012,Arizona,La Paz
017,Arizona,Navajo
021,Arizona,Pinal
023,Arizona,Santa Cruz
027,Arizona,Yuma
003,Arkansas,Ashley
013,Arkansas,Calhoun
071,Idaho,Oneida
077,Idaho,Power
079,Idaho,Shoshone
083,Idaho,Twin Falls
003,Illinois,Alexander
007,Illinois,Boone
011,Illinois,Bureau
015,Illinois,Carroll
023,Illinois,Clark
033,Illinois,Crawford
037,Illinois,DeKalb
041,Illinois,Douglas
043,Illinois,DuPage
117,Indiana,Orange
121,Indiana,Parke
127,Indiana,Porter
135,Indiana,Randolph
137,Indiana,Ripley
141,Indiana,St. Joseph
149,Indiana,Starke
151,Indiana,Steuben
159,Indiana,Tipton
161,Indiana,Union
167,Indiana,Vigo
169,Indiana,Wabash
175,Indiana,Washington
181,Indiana,White
001,Iowa,Adair
047,Illinois,Edwards
051,Illinois,Fayette
053,Illinois,Ford
057,Illinois,Fulton
063,Illinois,Grundy
055,Indiana,Greene
057,Indiana,Hamilton
065,Indiana,Henry
067,Indiana,Howard
071,Indiana,Jackson
077,Indiana,Jefferson
087,Indiana,LaGrange
091,Indiana,LaPorte
097,Indiana,Marion
101,Indiana,Martin
103,Indiana,Miami
109,Indiana,Morgan
023,Idaho,Butte
025,Idaho,Camas
029,Idaho,Caribou
033,Idaho,Clark
041,Idaho,Franklin
043,Idaho,Fremont
047,Idaho,Gooding
053,Idaho,Jerome
055,Idaho,Kootenai
061,Idaho,Lewis
065,Idaho,Madison
069,Idaho,Nez Perce
007,Indiana,Benton
013,Indiana,Brown
015,Indiana,Carroll
019,Indiana,Clark
025,Indiana,Crawford
031,Indiana,Decatur
035,Indiana,Delaware
045,Indiana,Fountain
137,Georgia,Habersham
141,Georgia,Hancock
147,Georgia,Hart
155,Georgia,Irwin
159,Georgia,Jasper
165,Georgia,Jenkins
171,Georgia,Lamar
173,Georgia,Lanier
091,Kansas,Johnson
097,Kansas,Kiowa
099,Kansas,Labette
103,Kansas,Leavenworth
109,Kansas,Logan
113,Kansas,McPherson
119,Kansas,Meade
125,Kansas,Montgomery
131,Kansas,Nemaha
141,Kansas,Osborne
143,Kansas,Ottawa
157,Kansas,Republic
165,Kansas,Rush
167,Kansas,Russell
171,Kansas,Scott
177,Kansas,Shawnee
057,Louisiana,Lafourche
061,Louisiana,Lincoln
063,Louisiana,Livingston
069,Louisiana,Natchitoches
075,Louisiana,Plaquemines
079,Louisiana,Rapides
081,Louisiana,Red River
085,Louisiana,Sabine
111,Kentucky,Jefferson
113,Kentucky,Jessamine
123,Kentucky,Larue
129,Kentucky,Lee
135,Kentucky,Lewis
139,Kentucky,Livingston
145,Kentucky,McCracken
153,Kentucky,Magoffin
159,Kentucky,Martin
167,Kentucky,Mercer
171,Kentucky,Monroe
173,Kentucky,Montgomery
179,Kentucky,Nelson
053,Iowa,Decatur
003,Indiana,Allen
181,Georgia,Lincoln
061,Iowa,Dubuque
069,Iowa,Franklin
075,Iowa,Grundy
077,Iowa,Guthrie
089,Iowa,Howard
093,Iowa,Ida
101,Iowa,Jefferson
103,Iowa,Johnson
107,Iowa,Keokuk
111,Iowa,Lee
127,Iowa,Marshall
129,Iowa,Mills
135,Iowa,Monroe
139,Iowa,Muscatine
145,Iowa,Page
181,Kansas,Sherman
153,Iowa,Polk
155,Iowa,Pottawattamie
159,Iowa,Ringgold
163,Iowa,Scott
171,Iowa,Tama
177,Iowa,Van Buren
183,Iowa,Washington
189,Iowa,Winnebago
193,Iowa,Woodbury
003,Kansas,Anderson
009,Kansas,Barton
017,Kansas,Chase
019,Kansas,Chautauqua
211,Georgia,Morgan
081,Minnesota,Lincoln
089,Minnesota,Marshall
091,Minnesota,Martin
095,Minnesota,Mille Lacs
097,Minnesota,Morrison
099,Minnesota,Mower
105,Minnesota,Nobles
109,Minnesota,Olmsted
111,Minnesota,Otter Tail
115,Minnesota,Pine
117,Minnesota,Pipestone
119,Minnesota,Polk
129,Minnesota,Renville
133,Minnesota,Rock
059,Iowa,Dickinson
141,Minnesota,Sherburne
145,Minnesota,Stearns
149,Minnesota,Stevens
157,Minnesota,Wabasha
163,Minnesota,Washington
171,Minnesota,Wright
005,Mississippi,Amite
009,Mississippi,Benton
011,Mississippi,Bolivar
015,Mississippi,Carroll
021,Mississippi,Claiborne
031,Mississippi,Covington
039,Mississippi,George
149,Iowa,Plymouth
045,Mississippi,Hancock
051,Mississippi,Holmes
053,Mississippi,Humphreys
059,Mississippi,Jackson
067,Mississippi,Jones
073,Mississippi,Lamar
007,Maine,Franklin
215,Georgia,Muscogee
239,Georgia,Quitman
077,Minnesota,Lake of the Woods
031,South Carolina,Darlington
035,South Carolina,Dorchester
037,South Carolina,Edgefield
011,Tennessee,Bradley
017,Tennessee,Carroll
021,Tennessee,Cheatham
025,Tennessee,Claiborne
033,Tennessee,Crockett
035,Tennessee,Cumberland
041,Tennessee,DeKalb
047,Tennessee,Fayette
049,Tennessee,Fentress
059,Tennessee,Greene
061,Tennessee,Grundy
137,Minnesota,St. Louis
015,Maine,Lincoln
021,Maine,Piscataquis
023,Maine,Sagadahoc
031,Maine,York
041,Mississippi,Greene
149,Nebraska,Rock
151,Nebraska,Saline
155,Nebraska,Saunders
161,Nebraska,Sheridan
169,Nebraska,Thayer
173,Nebraska,Thurston
181,Nebraska,Webster
005,Nevada,Douglas
007,Nevada,Elko
013,Nevada,Humboldt
017,Nevada,Lincoln
023,Nevada,Nye
011,Maine,Kennebec
105,Ohio,Meigs
107,Ohio,Mercer
117,Ohio,Morrow
119,Ohio,Muskingum
125,Ohio,Paulding
129,Ohio,Pickaway
133,Ohio,Portage
135,Ohio,Preble
139,Ohio,Richland
141,Ohio,Ross
149,Ohio,Shelby
151,Ohio,Stark
157,Ohio,Tuscarawas
161,Ohio,Van Wert
065,Tennessee,Hamilton
067,Tennessee,Hancock
071,Tennessee,Hardin
077,Tennessee,Henderson
083,Tennessee,Houston
087,Tennessee,Jackson
095,Tennessee,Lake
101,Tennessee,Lewis
107,Tennessee,McMinn
109,Tennessee,McNairy
111,Tennessee,Macon
119,Tennessee,Maury
125,Tennessee,Montgomery
135,Tennessee,Perry
137,Tennessee,Pickett
011,Maryland,Caroline
013,Maryland,Carroll
021,Maryland,Frederick
023,Maryland,Garrett
031,Maryland,Montgomery
033,Maryland,Prince George's
043,Maryland,Washington
031,Nevada,Washoe
510,Nevada,Carson City
003,New Hampshire,Carroll
009,New Hampshire,Grafton
015,New Hampshire,Rockingham
019,New Hampshire,Sullivan
003,New Jersey,Bergen
009,New Jersey,Cape May
013,New Jersey,Essex
167,Ohio,Washington
171,Ohio,Williams
175,Ohio,Wyandot
003,Oklahoma,Alfalfa
011,Oklahoma,Blaine
013,Oklahoma,Bryan
017,Oklahoma,Canadian
025,Oklahoma,Cimarron
029,Oklahoma,Coal
035,Oklahoma,Craig
039,Oklahoma,Custer
045,Oklahoma,Ellis
049,Oklahoma,Garvin
055,Oklahoma,Greer
193,North Carolina,Wilkes
141,Tennessee,Putnam
045,Texas,Briscoe
049,Texas,Brown
055,Texas,Caldwell
061,Texas,Cameron
065,Texas,Carson
067,Texas,Cass
073,Texas,Cherokee
077,Texas,Clay
081,Texas,Coke
085,Texas,Collin
087,Texas,Collingsworth
091,Texas,Comal
047,Maryland,Worcester
007,Massachusetts,Dukes
013,Massachusetts,Hampden
015,Massachusetts,Hampshire
017,Massachusetts,Middlesex
017,New Jersey,Hudson
019,New Jersey,Hunterdon
021,New Jersey,Mercer
029,New Jersey,Ocean
033,New Jersey,Salem
035,New Jersey,Somerset
041,New Jersey,Warren
007,New Mexico,Colfax
055,Montana,McCone
057,Montana,Madison
195,North Carolina,Wilson
199,North Carolina,Yancey
005,North Dakota,Benson
009,North Dakota,Bottineau
017,North Dakota,Cass
027,North Dakota,Eddy
029,North Dakota,Emmons
037,North Dakota,Grant
039,North Dakota,Griggs
043,North Dakota,Kidder
047,North Dakota,Logan
053,North Dakota,McKenzie
059,North Dakota,Morton
063,North Dakota,Nelson
001,Tennessee,Anderson
003,Tennessee,Bedford
065,Oklahoma,Jackson
071,Oklahoma,Kay
083,Oklahoma,Logan
085,Oklahoma,Love
091,Oklahoma,McIntosh
099,Oklahoma,Murray
101,Oklahoma,Muskogee
107,Oklahoma,Okfuskee
111,Oklahoma,Okmulgee
117,Oklahoma,Pawnee
119,Oklahoma,Payne
125,Oklahoma,Pottawatomie
021,Massachusetts,Norfolk
023,Massachusetts,Plymouth
003,Michigan,Alger
005,Michigan,Allegan
007,Michigan,Alpena
063,Montana,Missoula
065,Montana,Musselshell
071,Montana,Phillips
077,Montana,Powell
083,Montana,Richland
087,Montana,Rosebud
091,Montana,Sheridan
097,Montana,Sweet Grass
101,Montana,Toole
065,North Dakota,Oliver
067,North Dakota,Pembina
071,North Dakota,Ramsey
075,North Dakota,Renville
081,North Dakota,Sargent
089,North Dakota,Stark
093,North Dakota,Stutsman
097,North Dakota,Traill
101,North Dakota,Ward
001,Ohio,Adams
005,Ohio,Ashland
011,Ohio,Auglaize
013,Ohio,Belmont
017,Ohio,Butler
019,Ohio,Carroll
003,Pennsylvania,Allegheny
007,Pennsylvania,Beaver
361,Texas,Orange
369,Texas,Parmer
383,Texas,Reagan
385,Texas,Real
387,Texas,Red River
395,Texas,Robertson
399,Texas,Runnels
403,Texas,Sabine
415,Texas,Scurry
417,Texas,Shackelford
419,Texas,Shelby
423,Texas,Smith
427,Texas,Starr
431,Texas,Sterling
017,Michigan,Bay
019,Michigan,Benzie
021,Michigan,Berrien
027,Michigan,Cass
031,Michigan,Cheboygan
033,Michigan,Chippewa
109,Montana,Wibaux
007,Nebraska,Banner
011,Nebraska,Boone
013,Nebraska,Box Butte
019,Nebraska,Buffalo
025,Nebraska,Cass
029,Nebraska,Chase
033,Nebraska,Cheyenne
039,Nebraska,Cuming
045,Nebraska,Dawes
051,Nebraska,Dixon
057,Nebraska,Dundy
071,Nebraska,Garfield
075,Nebraska,Grant
023,Ohio,Clark
025,Ohio,Clermont
029,Ohio,Columbiana
033,Ohio,Crawford
037,Ohio,Darke
041,Ohio,Delaware
043,Ohio,Erie
049,Ohio,Franklin
019,New Mexico,Guadalupe
021,New Mexico,Harding
025,New Mexico,Lea
033,New Mexico,Mora
039,New Mexico,Rio Arriba
143,Tennessee,Rhea
147,Tennessee,Robertson
149,Tennessee,Rutherford
155,Tennessee,Sevier
161,Tennessee,Stewart
167,Tennessee,Tipton
175,Tennessee,Van Buren
177,Tennessee,Warren
055,South Carolina,Kershaw
061,South Carolina,Lee
065,South Carolina,McCormick
071,South Carolina,Newberry
073,South Carolina,Oconee
041,Michigan,Delta
043,Michigan,Dickinson
047,Michigan,Emmet
051,Michigan,Gladwin
065,Michigan,Ingham
069,Michigan,Iosco
131,Illinois,Mercer
191,Georgia,McIntosh
079,Nebraska,Hall
081,Nebraska,Hamilton
083,Nebraska,Harlan
087,Nebraska,Hitchcock
099,Nebraska,Kearney
101,Nebraska,Keith
105,Nebraska,Kimball
109,Nebraska,Lancaster
115,Nebraska,Loup
119,Nebraska,Madison
091,Mississippi,Marion
097,Mississippi,Montgomery
101,Mississippi,Newton
109,Mississippi,Pearl River
119,Mississippi,Quitman
121,Mississippi,Rankin
129,Mississippi,Smith
041,New Mexico,Roosevelt
043,New Mexico,Sandoval
049,New Mexico,Santa Fe
057,New Mexico,Torrance
061,New Mexico,Valencia
007,New York,Broome
011,New York,Cayuga
013,New York,Chautauqua
019,New York,Clinton
027,New York,Dutchess
033,New York,Franklin
035,New York,Fulton
039,New York,Greene
131,Oklahoma,Rogers
135,Oklahoma,Sequoyah
137,Oklahoma,Stephens
143,Oklahoma,Tulsa
145,Oklahoma,Wagoner
149,Oklahoma,Washita
003,Oregon,Benton
005,Oregon,Clackamas
011,Oregon,Coos
013,Oregon,Crook
021,Oregon,Gilliam
027,Oregon,Hood River
075,Michigan,Jackson
079,Michigan,Kalkaska
081,Michigan,Kent
087,Michigan,Lapeer
093,Michigan,Livingston
095,Michigan,Luce
099,Michigan,Macomb
101,Michigan,Manistee
115,Michigan,Monroe
137,Mississippi,Tate
141,Mississippi,Tishomingo
143,Mississippi,Tunica
153,Mississippi,Wayne
155,Mississippi,Webster
157,Mississippi,Wilkinson
163,Mississippi,Yazoo
007,Missouri,Audrain
017,Missouri,Bollinger
023,Missouri,Butler
029,Missouri,Camden
035,Missouri,Carter
041,Missouri,Chariton
045,Missouri,Clark
041,New York,Hamilton
045,New York,Jefferson
051,New York,Livingston
055,New York,Monroe
059,New York,Nassau
063,New York,Niagara
071,New York,Orange
073,New York,Orleans
075,New York,Oswego
435,Texas,Sutton
437,Texas,Swisher
441,Texas,Taylor
447,Texas,Throckmorton
451,Texas,Tom Green
453,Texas,Travis
457,Texas,Tyler
467,Texas,Van Zandt
469,Texas,Victoria
477,Texas,Washington
483,Texas,Wheeler
485,Texas,Wichita
489,Texas,Willacy
499,Texas,Wood
001,Utah,Beaver
007,Utah,Carbon
071,Michigan,Iron
125,Michigan,Oakland
131,Michigan,Ontonagon
135,Michigan,Oscoda
145,Michigan,Saginaw
147,Michigan,St. Clair
157,Michigan,Tuscola
047,Missouri,Clay
051,Missouri,Cole
055,Missouri,Crawford
057,Missouri,Dade
061,Missouri,Daviess
067,Missouri,Douglas
073,Missouri,Gasconade
077,Missouri,Greene
079,Missouri,Grundy
087,Missouri,Holt
011,North Carolina,Avery
013,North Carolina,Beaufort
019,North Carolina,Brunswick
025,North Carolina,Cabarrus
223,Georgia,Paulding
081,New York,Queens
087,New York,Rockland
089,New York,St. Lawrence
093,New York,Schenectady
099,New York,Seneca
103,New York,Suffolk
107,New York,Tioga
117,New York,Wayne
017,Pennsylvania,Bucks
023,Pennsylvania,Cameron
079,South Carolina,Richland
083,South Carolina,Spartanburg
085,South Carolina,Sumter
089,South Carolina,Williamsburg
005,South Dakota,Beadle
011,South Dakota,Brookings
019,South Dakota,Butte
023,South Dakota,Charles Mix
033,South Dakota,Custer
039,South Dakota,Deuel
041,South Dakota,Dewey
045,South Dakota,Edmunds
051,South Dakota,Grant
059,South Dakota,Hand
159,Michigan,Van Buren
163,Michigan,Wayne
001,Minnesota,Aitkin
003,Minnesota,Anoka
011,Minnesota,Big Stone
017,Minnesota,Carlton
025,Minnesota,Chisago
035,Minnesota,Crow Wing
037,Minnesota,Dakota
041,Minnesota,Douglas
043,Minnesota,Faribault
045,Minnesota,Fillmore
053,Minnesota,Hennepin
059,Minnesota,Isanti
035,North Carolina,Catawba
037,North Carolina,Chatham
039,North Carolina,Cherokee
041,North Carolina,Chowan
047,North Carolina,Columbus
059,North Carolina,Davie
061,North Carolina,Duplin
065,North Carolina,Edgecombe
069,North Carolina,Franklin
071,North Carolina,Gaston
075,North Carolina,Graham
077,North Carolina,Granville
083,North Carolina,Halifax
087,North Carolina,Haywood
027,Pennsylvania,Centre
029,Pennsylvania,Chester
033,Pennsylvania,Clearfield
039,Pennsylvania,Crawford
045,Pennsylvania,Delaware
049,Pennsylvania,Erie
051,Pennsylvania,Fayette
055,Pennsylvania,Franklin
061,Pennsylvania,Huntingdon
067,Pennsylvania,Juniata
073,Pennsylvania,Lawrence
079,Pennsylvania,Luzerne
029,Oregon,Jackson
033,Oregon,Josephine
039,Oregon,Lane
043,Oregon,Linn
049,Oregon,Morrow
051,Oregon,Multnomah
059,Oregon,Umatilla
065,Oregon,Wasco
071,Oregon,Yamhill
063,Minnesota,Jackson
065,Minnesota,Kanabec
069,Minnesota,Kittson
105,Missouri,Laclede
111,Missouri,Lewis
119,Missouri,McDonald
125,Missouri,Maries
129,Missouri,Mercer
139,Missouri,Montgomery
141,Missouri,Morgan
147,Missouri,Nodaway
153,Missouri,Ozark
157,Missouri,Perry
161,Missouri,Phelps
167,Missouri,Polk
095,North Carolina,Hyde
099,North Carolina,Jackson
105,North Carolina,Lee
111,North Carolina,McDowell
115,North Carolina,Madison
121,North Carolina,Mitchell
129,North Carolina,New Hanover
135,North Carolina,Orange
139,North Carolina,Pasquotank
143,North Carolina,Perquimans
147,North Carolina,Pitt
153,North Carolina,Richmond
085,Pennsylvania,Mercer
089,Pennsylvania,Monroe
095,Pennsylvania,Northampton
101,Pennsylvania,Philadelphia
109,Pennsylvania,Snyder
111,Pennsylvania,Somerset
115,Pennsylvania,Susquehanna
119,Pennsylvania,Union
121,Pennsylvania,Venango
125,Pennsylvania,Washington
133,Pennsylvania,York
009,Utah,Daggett
013,Utah,Duchesne
019,Utah,Grand
023,Utah,Juab
001,Texas,Anderson
013,Texas,Atascosa
015,Texas,Austin
017,Texas,Bailey
023,Texas,Baylor
025,Texas,Bee
029,Texas,Bexar
033,Texas,Borden
035,Texas,Bosque
039,Texas,Brazoria
171,Missouri,Putnam
175,Missouri,Randolph
177,Missouri,Ray
181,Missouri,Ripley
186,Missouri,Ste. Genevieve
187,Missouri,St. Francois
197,Missouri,Schuyler
203,Missouri,Shannon
207,Missouri,Stoddard
213,Missouri,Taney
219,Missouri,Warren
225,Missouri,Webster
510,Missouri,St. Louis
003,Montana,Big Horn
159,North Carolina,Rowan
163,North Carolina,Sampson
169,North Carolina,Stokes
175,North Carolina,Transylvania
061,Ohio,Hamilton
071,Ohio,Highland
077,Ohio,Huron
081,Ohio,Jefferson
087,Ohio,Lawrence
093,Ohio,Lorain
099,Ohio,Mahoning
101,Ohio,Marion
001,Rhode Island,Bristol
003,Rhode Island,Kent
005,Rhode Island,Newport
001,South Carolina,Abbeville
003,South Carolina,Aiken
007,South Carolina,Anderson
017,South Carolina,Calhoun
023,South Carolina,Chester
025,South Carolina,Chesterfield
063,South Dakota,Harding
065,South Dakota,Hughes
069,South Dakota,Hyde
075,South Dakota,Jones
079,South Dakota,Lake
085,South Dakota,Lyman
093,South Dakota,Meade
097,South Dakota,Miner
101,South Dakota,Moody
113,South Dakota,Shannon
115,South Dakota,Spink
117,South Dakota,Stanley
121,South Dakota,Todd
127,South Dakota,Union
005,Montana,Blaine
009,Montana,Carbon
015,Montana,Chouteau
019,Montana,Daniels
023,Montana,Deer Lodge
029,Montana,Flathead
035,Montana,Glacier
041,Montana,Hill
129,Nebraska,Nuckolls
133,Nebraska,Pawnee
141,Nebraska,Platte
007,Iowa,Appanoose
011,Iowa,Benton
015,Iowa,Boone
019,Iowa,Buchanan
023,Iowa,Butler
027,Iowa,Carroll
033,Iowa,Cerro Gordo
081,Illinois,Jefferson
091,Illinois,Kankakee
093,Illinois,Kendall
099,Illinois,LaSalle
101,Illinois,Lawrence
105,Illinois,Livingston
109,Illinois,McDonough
111,Illinois,McHenry
117,Illinois,Macoupin
125,Illinois,Mason
127,Illinois,Massac
185,Georgia,Lowndes
189,Georgia,McDuffie
195,Georgia,Madison
199,Georgia,Meriwether
205,Georgia,Mitchell
209,Georgia,Montgomery
213,Georgia,Murray
221,Georgia,Oglethorpe
229,Georgia,Pierce
231,Georgia,Pike
235,Georgia,Pulaski
241,Georgia,Rabun
247,Georgia,Rockdale
255,Georgia,Spalding
257,Georgia,Stephens
267,Georgia,Tattnall
269,Georgia,Taylor
183,Kansas,Smith
187,Kansas,Stanton
189,Kansas,Stevens
197,Kansas,Wabaunsee
207,Kansas,Woodson
191,Kentucky,Pendleton
193,Kentucky,Perry
201,Kentucky,Robertson
205,Kentucky,Rowan
207,Kentucky,Russell
217,Kentucky,Taylor
221,Kentucky,Trigg
231,Kentucky,Wayne
233,Kentucky,Webster
237,Kentucky,Wolfe
239,Kentucky,Woodford
005,Louisiana,Ascension
091,Louisiana,St. Helena
093,Louisiana,St. James
097,Louisiana,St. Landry
099,Louisiana,St. Martin
103,Louisiana,St. Tammany
113,Louisiana,Vermilion
117,Louisiana,Washington
011,Kentucky,Bath
013,Kentucky,Bell
015,Kentucky,Boone
027,Kentucky,Breckinridge
029,Kentucky,Bullitt
133,Illinois,Monroe
137,Illinois,Morgan
141,Illinois,Ogle
143,Illinois,Peoria
147,Illinois,Piatt
153,Illinois,Pulaski
159,Illinois,Richland
165,Illinois,Saline
167,Illinois,Sangamon
177,Illinois,Stephenson
183,Illinois,Vermilion
191,Illinois,Wayne
195,Illinois,Whiteside
197,Illinois,Will
001,Indiana,Adams
275,Georgia,Thomas
279,Georgia,Toombs
281,Georgia,Towns
289,Georgia,Twiggs
295,Georgia,Walker
301,Georgia,Warren
035,Kansas,Cowley
041,Kansas,Dickinson
047,Kansas,Edwards
051,Kansas,Ellis
053,Kansas,Ellsworth
057,Kansas,Ford
063,Kansas,Gove
073,Kansas,Greenwood
077,Kansas,Harper
079,Kansas,Harvey
087,Kansas,Jefferson
011,Louisiana,Beauregard
015,Louisiana,Bossier
017,Louisiana,Caddo
023,Louisiana,Cameron
031,Louisiana,De Soto
035,Louisiana,East Carroll
041,Louisiana,Franklin
043,Louisiana,Grant
049,Louisiana,Jackson
051,Louisiana,Jefferson
055,Louisiana,Lafayette
035,Kentucky,Calloway
039,Kentucky,Carlisle
041,Kentucky,Carroll
045,Kentucky,Casey
057,Kentucky,Cumberland
065,Kentucky,Estill
067,Kentucky,Fayette
071,Kentucky,Floyd
079,Kentucky,Garrard
083,Kentucky,Graves
085,Kentucky,Grayson
091,Kentucky,Hancock
097,Kentucky,Harrison
101,Kentucky,Henderson
107,Kentucky,Hopkins
267,Texas,Kimble
271,Texas,Kinney
277,Texas,Lamar
281,Texas,Lampasas
285,Texas,Lavaca
287,Texas,Lee
291,Texas,Liberty
293,Texas,Limestone
295,Texas,Lipscomb
301,Texas,Loving
305,Texas,Lynn
307,Texas,McCulloch
317,Texas,Martin
323,Texas,Maverick
327,Texas,Menard
331,Texas,Milam
333,Texas,Mills
800,Virginia,Suffolk
810,Virginia,Virginia Beach
840,Virginia,Winchester
001,Washington,Adams
003,Washington,Asotin
005,Washington,Benton
015,Washington,Cowlitz
017,Washington,Douglas
019,Washington,Ferry
023,Washington,Garfield
025,Washington,Grant
600,Virginia,Fairfax
101,Wisconsin,Racine
107,Wisconsin,Rusk
111,Wisconsin,Sauk
113,Wisconsin,Sawyer
119,Wisconsin,Taylor
123,Wisconsin,Vernon
125,Wisconsin,Vilas
133,Wisconsin,Waukesha
139,Wisconsin,Winnebago
003,Wyoming,Big Horn
009,Wyoming,Converse
017,Wyoming,Hot Springs
019,Wyoming,Johnson
023,West Virginia,Grant
025,West Virginia,Greenbrier
027,West Virginia,Hampshire
033,West Virginia,Harrison
037,West Virginia,Jefferson
045,West Virginia,Logan
051,West Virginia,Marshall
053,West Virginia,Mason
059,West Virginia,Mingo
065,West Virginia,Morgan
069,West Virginia,Ohio
075,West Virginia,Pocahontas
341,Texas,Moore
083,West Virginia,Randolph
087,West Virginia,Roane
091,West Virginia,Taylor
093,West Virginia,Tucker
097,West Virginia,Upshur
099,West Virginia,Wayne
103,West Virginia,Wetzel
105,West Virginia,Wirt
107,West Virginia,Wood
011,Wisconsin,Buffalo
013,Wisconsin,Burnett
019,Wisconsin,Clark
021,Wisconsin,Columbia
023,Wisconsin,Crawford
029,Washington,Island
039,Utah,Sanpete
043,Utah,Summit
045,Utah,Tooele
049,Utah,Utah
057,Utah,Weber
003,Vermont,Bennington
007,Vermont,Chittenden
011,Vermont,Franklin
015,Vermont,Lamoille
021,Vermont,Rutland
023,Wyoming,Lincoln
005,Virginia,Alleghany
011,Virginia,Appomattox
013,Virginia,Arlington
015,Virginia,Augusta
019,Virginia,Bedford
025,Virginia,Brunswick
031,Virginia,Campbell
033,Virginia,Caroline
036,Virginia,Charles City
045,Virginia,Craig
049,Virginia,Cumberland
051,Virginia,Dickenson
081,West Virginia,Raleigh
061,Virginia,Fauquier
067,Virginia,Franklin
069,Virginia,Frederick
073,Virginia,Gloucester
081,Virginia,Greensville
085,Virginia,Hanover
091,Virginia,Highland
095,Virginia,James City
103,Virginia,Lancaster
037,Utah,San Juan
119,Virginia,Middlesex
027,Unknown State,Camuy
035,Unknown State,Cayey
041,Unknown State,Cidra
043,Unknown State,Coamo
053,Unknown State,Fajardo
055,Unknown State,Guánica
059,Unknown State,Guayanilla
067,Unknown State,Hormigueros
073,Unknown State,Jayuya
025,Vermont,Windham
005,Unknown State,Aguadilla
037,Washington,Kittitas
039,Washington,Klickitat
059,Washington,Skamania
075,Washington,Whitman
017,West Virginia,Doddridge
029,West Virginia,Hancock
043,West Virginia,Lincoln
055,West Virginia,Mercer
073,West Virginia,Pleasants
085,West Virginia,Ritchie
095,West Virginia,Tyler
057,Virginia,Essex
079,Unknown State,Lajas
081,Unknown State,Lares
089,Unknown State,Luquillo
095,Unknown State,Maunabo
101,Unknown State,Morovis
103,Unknown State,Naguabo
109,Unknown State,Patillas
117,Unknown State,Rincón
119,Unknown State,Río Grande
125,Unknown State,San Germán
131,Unknown State,San Sebastián
137,Unknown State,Toa Baja
143,Unknown State,Vega Alta
115,Virginia,Mathews
095,Louisiana,St. John the Baptist
111,Louisiana,Union
001,Kentucky,Adair
005,Kentucky,Anderson
007,Kentucky,Ballard
019,Kentucky,Boyd
037,Kentucky,Campbell
049,Kentucky,Clark
061,Kentucky,Edmonson
069,Kentucky,Fleming
081,Kentucky,Grant
093,Kentucky,Hardin
109,Kentucky,Jackson
125,Kentucky,Laurel
131,Kentucky,Leslie
075,Unknown State,Juana Díaz
037,Oklahoma,Creek
047,Oklahoma,Garfield
183,North Carolina,Wake
187,North Carolina,Washington
003,North Dakota,Barnes
013,North Dakota,Burke
025,North Dakota,Dunn
041,North Dakota,Hettinger
055,North Dakota,McLean
069,North Dakota,Pierce
087,North Dakota,Slope
095,North Dakota,Towner
009,Ohio,Athens
021,Ohio,Champaign
109,West Virginia,Wyoming
015,Wisconsin,Calumet
027,Wisconsin,Dodge
027,Utah,Millard
033,Utah,Rich
041,Utah,Sevier
055,Utah,Wayne
013,Vermont,Grand Isle
003,Virginia,Albemarle
009,Virginia,Amherst
023,Virginia,Botetourt
035,Virginia,Carroll
053,Virginia,Dinwiddie
065,Virginia,Fluvanna
147,Unknown State,Vieques
151,Unknown State,Yabucoa
153,Unknown State,Yauco
003,Alabama,Baldwin
027,Alabama,Clay
041,Alabama,Crenshaw
057,Alabama,Fayette
073,Alabama,Jefferson
091,Alabama,Marengo
103,Alabama,Morgan
115,Alabama,St. Clair
129,Alabama,Washington
147,Kentucky,McCreary
165,Kentucky,Menifee
181,Kentucky,Nicholas
041,Iowa,Clay
043,Iowa,Clayton
049,Iowa,Dallas
057,Iowa,Des Moines
073,Iowa,Greene
081,Iowa,Hancock
091,Iowa,Humboldt
099,Iowa,Jasper
115,Iowa,Louisa
131,Iowa,Mitchell
147,Iowa,Palo Alto
157,Iowa,Poweshiek
165,Iowa,Shelby
179,Iowa,Wapello
187,Iowa,Webster
197,Iowa,Wright
031,Ohio,Coshocton
045,Ohio,Fairfield
013,New Mexico,Doña Ana
017,New Mexico,Grant
037,New Mexico,Quay
059,New Mexico,Union
017,New York,Chenango
031,New York,Essex
049,New York,Lewis
065,New York,Oneida
077,New York,Otsego
079,Virginia,Greene
129,Florida,Wakulla
011,Georgia,Banks
019,Georgia,Berrien
027,Georgia,Brooks
033,Georgia,Burke
039,Georgia,Camden
051,Georgia,Chatham
061,Georgia,Clay
240,Alaska,Southeast Fairbanks
149,Arkansas,Yell
011,California,Colusa
027,California,Inyo
047,California,Merced
063,California,Plumas
077,California,San Joaquin
091,California,Sierra
107,California,Tulare
011,Colorado,Bent
019,Colorado,Clear Creek
027,Colorado,Custer
013,Kansas,Brown
023,Kansas,Cheyenne
071,Minnesota,Koochiching
079,Minnesota,Le Sueur
087,Minnesota,Mahnomen
101,Minnesota,Murray
107,Minnesota,Norman
125,Minnesota,Red Lake
131,Minnesota,Rice
143,Minnesota,Sibley
159,Minnesota,Wadena
169,Minnesota,Winona
007,Mississippi,Attala
023,Mississippi,Clarke
035,Mississippi,Forrest
043,Mississippi,Grenada
091,New York,Saratoga
101,New York,Steuben
113,New York,Warren
011,Pennsylvania,Berks
019,Pennsylvania,Butler
025,Pennsylvania,Carbon
037,Pennsylvania,Columbia
053,Pennsylvania,Forest
057,Pennsylvania,Fulton
075,Pennsylvania,Lebanon
081,Pennsylvania,Lycoming
099,Pennsylvania,Perry
117,Pennsylvania,Tioga
131,Pennsylvania,Wyoming
149,Unknown State,Villalba
005,Alabama,Barbour
013,Alabama,Butler
019,Alabama,Cherokee
041,California,Marin
053,California,Monterey
061,California,Placer
090,Alaska,Fairbanks North Star
041,Colorado,El Paso
049,Colorado,Grand
085,Florida,Martin
093,Florida,Okeechobee
105,Florida,Polk
121,Florida,Suwannee
133,Florida,Washington
007,Georgia,Baker
021,Georgia,Bibb
035,Georgia,Butts
047,Georgia,Catoosa
065,Georgia,Clinch
075,Georgia,Cook
057,Mississippi,Itawamba
069,Mississippi,Kemper
119,Louisiana,Webster
125,Louisiana,West Feliciana
017,Maine,Oxford
015,Maryland,Cecil
027,Maryland,Howard
001,Massachusetts,Barnstable
003,Massachusetts,Berkshire
027,Massachusetts,Worcester
025,Michigan,Calhoun
039,Michigan,Crawford
049,Michigan,Genesee
007,Rhode Island,Providence
021,South Carolina,Cherokee
033,South Carolina,Dillon
045,South Carolina,Greenville
009,Tennessee,Blount
019,Tennessee,Carter
037,Tennessee,Davidson
051,Tennessee,Franklin
063,Tennessee,Hamblen
075,Tennessee,Haywood
085,Tennessee,Humphreys
099,Tennessee,Lawrence
113,Tennessee,Madison
127,Tennessee,Moore
019,California,Fresno
023,California,Humboldt
035,California,Lassen
037,California,Los Angeles
085,Georgia,Dawson
099,Georgia,Early
117,Georgia,Forsyth
051,Colorado,Gunnison
055,Colorado,Huerfano
065,Colorado,Lake
079,Colorado,Mineral
089,Colorado,Otero
101,Colorado,Pueblo
117,Colorado,Summit
005,Connecticut,Litchfield
007,Florida,Bradford
019,Florida,Clay
027,Florida,DeSoto
035,Florida,Flagler
059,Michigan,Hillsdale
063,Michigan,Huron
113,Michigan,Missaukee
119,Michigan,Montmorency
129,Michigan,Ogemaw
137,Michigan,Otsego
149,Michigan,St. Joseph
005,Minnesota,Becker
013,Minnesota,Blue Earth
023,Minnesota,Chippewa
033,Minnesota,Cottonwood
047,Minnesota,Freeborn
061,Minnesota,Itasca
095,Missouri,Jackson
133,Tennessee,Overton
145,Tennessee,Roane
159,Tennessee,Smith
165,Tennessee,Sumner
047,South Carolina,Greenwood
051,South Carolina,Horry
059,South Carolina,Laurens
069,South Carolina,Marlboro
087,South Carolina,Union
015,South Dakota,Brule
025,South Dakota,Clark
037,South Dakota,Day
049,South Dakota,Faulk
057,South Dakota,Hamlin
067,South Dakota,Hutchinson
077,South Dakota,Kingsbury
097,Virginia,King and Queen
109,Virginia,Louisa
035,Alabama,Conecuh
039,Alabama,Covington
049,Alabama,DeKalb
053,Alabama,Escambia
063,Alabama,Greene
069,Alabama,Houston
075,Alabama,Lamar
077,Alabama,Lauderdale
047,Florida,Hamilton
067,Florida,Lafayette
077,Florida,Liberty
001,Arizona,Apache
007,Arizona,Gila
019,Arizona,Pima
011,Arkansas,Bradley
023,Arkansas,Cleburne
037,Arkansas,Cross
039,Arkansas,Dallas
055,Arkansas,Greene
065,Arkansas,Izard
079,Arkansas,Lincoln
099,Missouri,Jefferson
115,Missouri,Linn
121,Missouri,Macon
135,Missouri,Moniteau
145,Missouri,Newton
163,Missouri,Pike
173,Missouri,Ralls
185,Missouri,St. Clair
201,Missouri,Scott
215,Missouri,Texas
223,Missouri,Wayne
007,Montana,Broadwater
021,Montana,Dawson
031,Montana,Gallatin
091,South Dakota,Marshall
107,South Dakota,Potter
119,South Dakota,Sully
129,South Dakota,Walworth
057,Oklahoma,Harmon
061,Oklahoma,Haskell
069,Oklahoma,Johnston
075,Oklahoma,Kiowa
093,Oklahoma,Major
103,Oklahoma,Noble
115,Oklahoma,Ottawa
133,Oklahoma,Seminole
141,Oklahoma,Tillman
009,Oregon,Columbia
067,California,Sacramento
071,California,San Bernardino
111,California,Ventura
005,Colorado,Arapahoe
109,Arkansas,Pike
117,Arkansas,Prairie
135,Arkansas,Sharp
307,Georgia,Webster
311,Georgia,White
315,Georgia,Wilcox
005,Hawaii,Kalawao
005,Idaho,Bannock
027,Idaho,Canyon
039,Idaho,Elmore
063,Idaho,Lincoln
075,Idaho,Payette
001,Illinois,Adams
017,Illinois,Cass
047,Montana,Lake
123,Nebraska,Morrill
127,Nebraska,Nemaha
143,Nebraska,Polk
153,Nebraska,Sarpy
167,Nebraska,Stanton
179,Nebraska,Wayne
185,Nebraska,York
011,Nevada,Eureka
027,Nevada,Pershing
005,New Hampshire,Cheshire
017,New Hampshire,Strafford
027,New Jersey,Morris
037,New Jersey,Sussex
023,Oregon,Grant
047,Oregon,Marion
061,Oregon,Union
009,Pennsylvania,Bedford
355,Texas,Nueces
363,Texas,Palo Pinto
373,Texas,Polk
389,Texas,Reeves
405,Texas,San Augustine
413,Texas,Schleicher
421,Texas,Sherman
439,Texas,Tarrant
455,Texas,Trinity
471,Texas,Walker
083,Georgia,Dade
089,Georgia,DeKalb
097,Georgia,Douglas
105,Georgia,Elbert
111,Georgia,Fannin
121,Georgia,Fulton
067,Colorado,La Plata
071,Colorado,Las Animas
095,Arkansas,Monroe
025,Illinois,Clay
039,Illinois,De Witt
045,Illinois,Edgar
061,Illinois,Greene
069,Illinois,Hardin
049,Indiana,Fulton
053,Indiana,Grant
063,Indiana,Hendricks
075,Indiana,Jay
093,Indiana,Lawrence
099,Indiana,Marshall
113,Indiana,Noble
119,Indiana,Owen
133,Indiana,Putnam
145,Indiana,Shelby
157,Indiana,Tippecanoe
011,New Mexico,De Baca
049,Montana,Lewis and Clark
053,Montana,Lincoln
075,Montana,Powder River
085,Montana,Roosevelt
001,Nebraska,Adams
005,Nebraska,Arthur
017,Nebraska,Brown
027,Nebraska,Cedar
041,Nebraska,Custer
059,Nebraska,Fillmore
069,Nebraska,Garden
077,Nebraska,Greeley
089,Nebraska,Holt
481,Texas,Wharton
493,Texas,Wilson
503,Texas,Young
005,Utah,Cache
017,Utah,Garfield
183,Tennessee,Weakley
187,Tennessee,Williamson
003,Texas,Andrews
019,Texas,Bandera
027,Texas,Bell
041,Texas,Brazos
059,Texas,Callahan
075,Texas,Childress
083,Texas,Coleman
089,Texas,Colorado
100,Alaska,Haines
170,Alaska,Matanuska-Susitna
001,California,Alameda
105,Alabama,Perry
111,Alabama,Randolph
113,Alabama,Russell
123,Alabama,Tallapoosa
165,Indiana,Vermillion
003,Iowa,Adams
013,Iowa,Black Hawk
025,Iowa,Calhoun
035,Iowa,Cherokee
071,Illinois,Henderson
075,Illinois,Iroquois
087,Illinois,Johnson
095,Illinois,Knox
113,Illinois,McLean
123,Illinois,Marshall
135,Illinois,Montgomery
151,Illinois,Pope
163,Illinois,St. Clair
187,Illinois,Warren
199,Illinois,Williamson
107,Nebraska,Knox
077,Mississippi,Lawrence
081,Mississippi,Lee
085,Mississippi,Lincoln
087,Mississippi,Lowndes
107,Mississippi,Panola
123,Mississippi,Scott
133,Mississippi,Sunflower
145,Mississippi,Union
159,Mississippi,Winston
003,Missouri,Andrew
015,Missouri,Benton
027,Missouri,Callaway
039,Missouri,Cedar
049,Missouri,Clinton
059,Missouri,Dallas
071,Missouri,Franklin
107,Texas,Crosby
119,Texas,Delta
131,Texas,Duval
143,Texas,Erath
153,Texas,Floyd
163,Texas,Frio
171,Texas,Gillespie
173,Texas,Glasscock
175,Texas,Goliad
183,Texas,Gregg
187,Texas,Guadalupe
205,Texas,Hartley
209,Texas,Hays
219,Texas,Hockley
231,Texas,Hunt
241,Texas,Jasper
255,Texas,Karnes
269,Texas,King
279,Texas,Lamb
289,Texas,Leon
033,Colorado,Dolores
039,Colorado,Elbert
045,Colorado,Garfield
079,California,San Luis Obispo
093,California,Siskiyou
097,California,Sonoma
105,California,Trinity
017,California,El Dorado
005,Indiana,Bartholomew
017,Indiana,Cass
027,Indiana,Daviess
041,Indiana,Fayette
043,Indiana,Floyd
127,Georgia,Glynn
133,Georgia,Greene
143,Georgia,Haralson
153,Georgia,Houston
163,Georgia,Jefferson
183,Georgia,Long
193,Georgia,Macon
207,Georgia,Monroe
219,Georgia,Oconee
227,Georgia,Pickens
237,Georgia,Putnam
249,Georgia,Schley
083,Missouri,Henry
093,Missouri,Iron
003,North Carolina,Alexander
007,North Carolina,Anson
009,North Carolina,Ashe
033,North Carolina,Caswell
045,North Carolina,Cleveland
063,North Carolina,Durham
073,North Carolina,Gates
085,North Carolina,Harnett
097,North Carolina,Iredell
109,North Carolina,Lincoln
123,North Carolina,Montgomery
133,North Carolina,Onslow
145,North Carolina,Person
299,Texas,Llano
313,Texas,Madison
325,Texas,Medina
335,Texas,Mitchell
343,Texas,Morris
127,Virginia,New Kent
133,Virginia,Northumberland
167,Virginia,Russell
179,Virginia,Stafford
515,Virginia,Bedford
590,Virginia,Danville
620,Virginia,Franklin
680,Virginia,Lynchburg
720,Virginia,Norton
740,Virginia,Portsmouth
830,Virginia,Williamsburg
086,Florida,Miami-Dade
103,Florida,Pinellas
123,Florida,Taylor
259,Georgia,Stewart
271,Georgia,Telfair
283,Georgia,Treutlen
297,Georgia,Walton
025,Kansas,Clark
031,Kansas,Coffey
033,Kansas,Comanche
045,Kansas,Douglas
055,Kansas,Finney
069,Kansas,Gray
081,Kansas,Haskell
093,Kansas,Kearny
101,Kansas,Lane
111,Kansas,Lyon
123,Kansas,Mitchell
133,Kansas,Neosho
139,Kansas,Osage
151,Kansas,Pratt
159,Kansas,Rice
169,Kansas,Saline
157,North Carolina,Rockingham
173,North Carolina,Swain
179,North Carolina,Union
059,Ohio,Guernsey
069,Ohio,Henry
083,Ohio,Knox
091,Ohio,Logan
103,Ohio,Medina
115,Ohio,Morgan
127,Ohio,Perry
137,Ohio,Putnam
153,Ohio,Summit
165,Ohio,Warren
005,Oklahoma,Atoka
015,Oklahoma,Caddo
027,Oklahoma,Cleveland
011,Washington,Clark
035,Washington,Kitsap
053,Wisconsin,Jackson
067,Wisconsin,Langlade
078,Wisconsin,Menominee
087,Wisconsin,Outagamie
099,Wisconsin,Price
109,Wisconsin,St. Croix
121,Wisconsin,Trempealeau
135,Wisconsin,Waupaca
005,Wyoming,Campbell
015,Wyoming,Goshen
041,Wyoming,Uinta
127,Alabama,Walker
133,Alabama,Winston
016,Alaska,Aleutians West
060,Alaska,Bristol Bay
017,Unknown State,Barceloneta
021,Unknown State,Bayamón
029,Unknown State,Canóvanas
039,Unknown State,Ciales
051,Unknown State,Dorado
063,Unknown State,Gurabo
077,Unknown State,Juncos
085,Unknown State,Las Piedras
099,Unknown State,Moca
111,Unknown State,Peñuelas
123,Unknown State,Salinas
139,Unknown State,Trujillo Alto
179,Kansas,Sheridan
191,Kansas,Sumner
209,Kansas,Wyandotte
185,Kentucky,Oldham
197,Kentucky,Powell
203,Kentucky,Rockcastle
215,Kentucky,Spencer
227,Kentucky,Warren
235,Kentucky,Whitley
007,Louisiana,Assumption
021,Louisiana,Caldwell
025,Louisiana,Catahoula
047,Louisiana,Iberville
059,Louisiana,La Salle
067,Louisiana,Morehouse
083,Louisiana,Richland
101,Texas,Cottle
105,Texas,Crockett
109,Texas,Culberson
111,Texas,Dallam
113,Texas,Dallas
121,Texas,Denton
125,Texas,Dickens
133,Texas,Eastland
139,Texas,Ellis
145,Texas,Falls
147,Texas,Fannin
151,Texas,Fisher
157,Texas,Fort Bend
181,Texas,Grayson
189,Texas,Hale
193,Texas,Hamilton
345,Texas,Motley
347,Texas,Nacogdoches
351,Texas,Newton
135,Virginia,Nottoway
137,Virginia,Orange
139,Virginia,Page
143,Virginia,Pittsylvania
153,Virginia,Prince William
163,Virginia,Rockbridge
169,Virginia,Scott
171,Virginia,Shenandoah
181,Virginia,Surry
183,Virginia,Sussex
033,Washington,King
035,Wisconsin,Eau Claire
037,Wisconsin,Florence
041,Wisconsin,Forest
043,Wisconsin,Grant
047,Wisconsin,Green Lake
049,Wisconsin,Iowa
055,Wisconsin,Jefferson
057,Wisconsin,Juneau
059,Wisconsin,Kenosha
027,Wyoming,Niobrara
029,Wyoming,Park
035,Wyoming,Sublette
037,Wyoming,Sweetwater
043,Wyoming,Washakie
001,Unknown State,Adjuntas
007,Unknown State,Aguas Buenas
011,Unknown State,Añasco
043,Washington,Lincoln
051,Washington,Pend Oreille
053,Washington,Pierce
197,Texas,Hardeman
199,Texas,Hardin
201,Texas,Harris
203,Texas,Harrison
211,Texas,Hemphill
213,Texas,Henderson
215,Texas,Hidalgo
223,Texas,Hopkins
235,Texas,Irion
237,Texas,Jack
239,Texas,Jackson
243,Texas,Jeff Davis
249,Texas,Jim Wells
253,Texas,Jones
259,Texas,Kendall
185,Virginia,Tazewell
191,Virginia,Washington
195,Virginia,Wise
520,Virginia,Bristol
550,Virginia,Chesapeake
580,Virginia,Covington
610,Virginia,Falls Church
640,Virginia,Galax
678,Virginia,Lexington
683,Virginia,Manassas
685,Virginia,Manassas Park
710,Virginia,Norfolk
730,Virginia,Petersburg
750,Virginia,Radford
790,Virginia,Staunton
065,Wisconsin,Lafayette
075,Wisconsin,Marinette
077,Wisconsin,Marquette
083,Wisconsin,Oconto
085,Wisconsin,Oneida
091,Wisconsin,Pepin
093,Wisconsin,Pierce
097,Wisconsin,Portage
063,Washington,Spokane
067,Washington,Thurston
069,Washington,Wahkiakum
077,Washington,Yakima
003,West Virginia,Berkeley
005,West Virginia,Boone
009,West Virginia,Brooke
011,West Virginia,Cabell
015,West Virginia,Clay
019,West Virginia,Fayette
037,Florida,Franklin
057,Florida,Hillsborough
065,Florida,Jefferson
093,Colorado,Park
099,Colorado,Prowers
107,Colorado,Routt
113,Colorado,San Miguel
115,Colorado,Sedgwick
125,Arkansas,Saline
131,Arkansas,Sebastian
139,Arkansas,Union
290,Alaska,Yukon-Koyukuk
171,Indiana,Warren
177,Indiana,Wayne
005,Iowa,Allamakee
059,Illinois,Gallatin
067,Illinois,Hancock
061,Indiana,Harrison
073,Indiana,Jasper
081,Indiana,Johnson
083,Indiana,Knox
089,Indiana,Lake
107,Indiana,Montgomery
121,Kansas,Miami
129,Kansas,Morton
137,Kansas,Norton
147,Kansas,Phillips
153,Kansas,Rawlins
161,Kansas,Riley
175,Kansas,Seward
065,Louisiana,Madison
001,Connecticut,Fairfield
021,Arkansas,Clay
119,Kentucky,Knott
127,Kentucky,Lawrence
133,Kentucky,Letcher
141,Kentucky,Logan
149,Kentucky,McLean
155,Kentucky,Marion
015,Arizona,Mohave
163,Kentucky,Meade
177,Kentucky,Muhlenberg
051,Iowa,Davis
065,Iowa,Fayette
071,Iowa,Fremont
083,Iowa,Hardin
085,Iowa,Harrison
097,Iowa,Jackson
109,Iowa,Kossuth
111,Indiana,Newton
119,Iowa,Lyon
133,Iowa,Monona
143,Iowa,Osceola
167,Iowa,Sioux
173,Iowa,Taylor
185,Iowa,Wayne
191,Iowa,Winneshiek
001,Kansas,Allen
007,Kansas,Barber
011,Kansas,Bourbon
071,Louisiana,Orleans
075,Minnesota,Lake
161,Kentucky,Mason
123,Minnesota,Ramsey
135,Minnesota,Roseau
151,Minnesota,Swift
155,Minnesota,Traverse
165,Minnesota,Watonwan
167,Minnesota,Wilkin
173,Minnesota,Yellow Medicine
001,Mississippi,Adams
019,Mississippi,Choctaw
025,Mississippi,Clay
027,Mississippi,Coahoma
117,Iowa,Lucas
053,North Carolina,Currituck
079,North Carolina,Greene
089,North Carolina,Henderson
035,Pennsylvania,Clinton
041,Pennsylvania,Cumberland
021,Kansas,Cherokee
055,Mississippi,Issaquena
063,Mississippi,Jefferson
071,Mississippi,Lafayette
001,Maine,Androscoggin
003,Maine,Aroostook
087,Louisiana,St. Bernard
015,North Dakota,Burleigh
021,North Dakota,Dickey
023,North Dakota,Divide
033,North Dakota,Golden Valley
049,North Dakota,McHenry
047,Mississippi,Harrison
105,Mississippi,Oktibbeha
111,Mississippi,Perry
113,Mississippi,Pike
125,Mississippi,Sharkey
131,Mississippi,Stone
047,New Mexico,San Miguel
051,New Mexico,Sierra
055,New Mexico,Taos
001,New York,Albany
005,New York,Bronx
043,Pennsylvania,Dauphin
059,Pennsylvania,Greene
065,Pennsylvania,Jefferson
071,Pennsylvania,Lancaster
077,Pennsylvania,Lehigh
083,Pennsylvania,McKean
035,Oregon,Klamath
005,Maine,Cumberland
029,South Carolina,Colleton
041,South Carolina,Florence
043,South Carolina,Georgetown
023,Tennessee,Chester
051,North Dakota,McIntosh
057,North Dakota,Mercer
067,Oklahoma,Jefferson
077,Oklahoma,Latimer
079,Oklahoma,Le Flore
089,Oklahoma,McCurtain
095,Oklahoma,Marshall
105,Oklahoma,Nowata
113,Oklahoma,Osage
015,New York,Chemung
023,New York,Cortland
025,New York,Delaware
029,New York,Erie
139,Oklahoma,Texas
151,Oklahoma,Woods
001,Oregon,Baker
007,Oregon,Clatsop
041,Oregon,Lincoln
139,Nebraska,Pierce
145,Nebraska,Red Willow
029,Iowa,Cass
037,Iowa,Chickasaw
083,Illinois,Jersey
085,Illinois,Jo Daviess
097,Illinois,Lake
115,Illinois,Macon
119,Illinois,Madison
039,Tennessee,Decatur
043,Tennessee,Dickson
053,Tennessee,Gibson
055,Tennessee,Giles
013,Maine,Knox
019,Maine,Penobscot
025,Maine,Somerset
121,Oklahoma,Pittsburg
129,Oklahoma,Roger Mills
045,Maryland,Wicomico
025,Massachusetts,Suffolk
001,Michigan,Alcona
015,Oregon,Curry
025,Oregon,Harney
089,Michigan,Leelanau
105,Michigan,Mason
147,Mississippi,Walthall
107,Pennsylvania,Schuylkill
127,Pennsylvania,Wayne
129,Pennsylvania,Westmoreland
015,Utah,Emery
021,Utah,Iron
025,Utah,Kane
029,Tennessee,Cocke
027,Maine,Waldo
157,Nebraska,Scotts Bluff
165,Nebraska,Sioux
175,Nebraska,Valley
177,Nebraska,Washington
001,Nevada,Churchill
003,Nevada,Clark
011,Michigan,Arenac
067,Montana,Park
073,Montana,Pondera
079,Montana,Prairie
081,Montana,Ravalli
089,Montana,Sanders
095,Montana,Stillwater
109,Michigan,Menominee
149,Mississippi,Warren
161,Mississippi,Yalobusha
005,Missouri,Atchison
011,Missouri,Barton
019,Missouri,Boone
025,Missouri,Caldwell
085,Ohio,Lake
095,Ohio,Lucas
009,Rhode Island,Washington
011,South Carolina,Barnwell
013,South Carolina,Beaufort
015,Nevada,Lander
019,Nevada,Lyon
029,Nevada,Storey
111,Ohio,Monroe
113,Ohio,Montgomery
123,Ohio,Ottawa
145,Ohio,Scioto
155,Ohio,Trumbull
103,Montana,Treasure
105,Montana,Valley
077,North Dakota,Richland
085,North Dakota,Sioux
099,North Dakota,Walsh
105,North Dakota,Williams
031,Missouri,Cape Girardeau
037,Missouri,Cass
047,New York,Kings
053,New York,Madison
061,New York,New York
067,New York,Onondaga
045,Oregon,Malheur
055,Oregon,Sherman
057,Oregon,Tillamook
063,Oregon,Wallowa
067,Oregon,Washington
101,Missouri,Johnson
107,Missouri,Lafayette
113,Missouri,Lincoln
123,Missouri,Madison
127,Missouri,Marion
163,Ohio,Vinton
073,Tennessee,Hawkins
079,Tennessee,Henry
089,Tennessee,Jefferson
091,Tennessee,Johnson
097,Tennessee,Lauderdale
103,Tennessee,Lincoln
115,Tennessee,Marion
121,Tennessee,Meigs
123,Tennessee,Monroe
131,Tennessee,Obion
007,Ohio,Ashtabula
371,Texas,Pecos
377,Texas,Presidio
391,Texas,Refugio
401,Texas,Rusk
407,Texas,San Jacinto
409,Texas,San Patricio
079,New York,Putnam
443,Texas,Terrell
461,Texas,Upton
465,Texas,Val Verde
473,Texas,Waller
479,Texas,Webb
487,Texas,Wilbarger
495,Texas,Winkler
501,Texas,Yoakum
505,Texas,Zapata
003,Utah,Box Elder
005,Texas,Angelina
007,Texas,Aransas
037,Texas,Bowie
043,Texas,Brewster
183,Missouri,St. Charles
189,Missouri,St. Louis
199,Missouri,Scotland
005,Maryland,Baltimore
025,Maryland,Harford
013,Michigan,Baraga
029,Michigan,Charlevoix
111,Montana,Yellowstone
015,Nebraska,Boyd
021,Nebraska,Burt
121,Michigan,Muskegon
127,Michigan,Oceana
139,Michigan,Ottawa
141,Michigan,Presque Isle
151,Michigan,Sanilac
153,Michigan,Schoolcraft
019,South Carolina,Charleston
071,South Dakota,Jackson
081,South Dakota,Lawrence
083,South Dakota,Lincoln
089,South Dakota,McPherson
099,South Dakota,Minnehaha
105,South Dakota,Perkins
109,South Dakota,Roberts
001,New Hampshire,Belknap
007,New Hampshire,Coos
011,New Hampshire,Hillsborough
013,New Hampshire,Merrimack
001,New Jersey,Atlantic
005,New Jersey,Burlington
011,New Jersey,Cumberland
031,Nebraska,Cherry
043,Nebraska,Dakota
049,Nebraska,Deuel
055,Nebraska,Douglas
061,Nebraska,Franklin
067,Nebraska,Gage
035,Ohio,Cuyahoga
051,Ohio,Fulton
053,Ohio,Gallia
063,Missouri,DeKalb
069,Missouri,Dunklin
081,Missouri,Harrison
089,Missouri,Howard
091,Missouri,Howell
015,North Carolina,Bertie
023,North Carolina,Burke
029,North Carolina,Camden
031,North Carolina,Carteret
133,Missouri,Mississippi
143,Missouri,New Madrid
149,Missouri,Oregon
155,Missouri,Pemiscot
165,Missouri,Platte
101,North Carolina,Johnston
107,North Carolina,Lenoir
113,North Carolina,Macon
119,North Carolina,Mecklenburg
125,North Carolina,Moore
001,Oklahoma,Adair
007,Oklahoma,Beaver
021,Oklahoma,Cherokee
023,Oklahoma,Choctaw
033,Oklahoma,Cotton
041,Oklahoma,Delaware
051,Oklahoma,Grady
189,North Carolina,Watauga
051,Texas,Burleson
023,New Mexico,Hidalgo
029,New Mexico,Luna
031,New Mexico,McKinley
035,New Mexico,Otero
153,Tennessee,Sequatchie
157,Tennessee,Shelby
163,Tennessee,Sullivan
171,Tennessee,Unicoi
181,Tennessee,Wayne
057,South Carolina,Lancaster
085,New York,Richmond
097,New York,Schuyler
105,New York,Sullivan
111,New York,Ulster
115,New York,Washington
119,New York,Westchester
091,South Carolina,York
009,South Dakota,Bon Homme
013,South Dakota,Brown
021,South Dakota,Campbell
209,Missouri,Stone
217,Missouri,Vernon
227,Missouri,Worth
001,Montana,Beaverhead
171,North Carolina,Surry
177,North Carolina,Tyrrell
067,Ohio,Harrison
073,Ohio,Hocking
079,Ohio,Jackson
057,Texas,Calhoun
071,Texas,Chambers
093,Texas,Comanche
097,Texas,Cooke
510,Maryland,Baltimore
063,South Carolina,Lexington
067,South Carolina,Marion
077,South Carolina,Pickens
053,Michigan,Gogebic
027,South Dakota,Clay
031,South Dakota,Corson
047,South Dakota,Fall River
053,South Dakota,Gregory
007,Minnesota,Beltrami
015,Minnesota,Brown
021,Minnesota,Cass
027,Minnesota,Clay
123,South Dakota,Tripp
135,South Dakota,Yankton
011,Montana,Carter
017,Montana,Custer
025,Montana,Fallon
027,Montana,Fergus
033,Montana,Garfield
039,Montana,Granite
045,Montana,Judith Basin
131,Nebraska,Otoe
005,Massachusetts,Bristol
009,Massachusetts,Essex
019,Massachusetts,Nantucket
023,New Jersey,Middlesex
055,Michigan,Grand Traverse
091,Nebraska,Hooker
095,Nebraska,Jefferson
103,Nebraska,Keya Paha
111,Nebraska,Lincoln
089,Mississippi,Madison
093,Mississippi,Marshall
031,Minnesota,Cook
049,Minnesota,Goodhue
055,Minnesota,Houston
049,North Carolina,Craven
051,North Carolina,Cumberland
131,North Carolina,Northampton
137,North Carolina,Pamlico
149,North Carolina,Polk
155,North Carolina,Robeson
091,Pennsylvania,Montgomery
097,Pennsylvania,Northumberland
103,Pennsylvania,Pike
025,New Jersey,Monmouth
039,New Jersey,Union
003,New Mexico,Catron
005,New Mexico,Chaves
009,New Mexico,Curry
061,Montana,Mineral
001,North Dakota,Adams
011,Connecticut,New London
001,Delaware,Kent
003,Delaware,New Castle
009,Florida,Brevard
075,Florida,Levy
031,Arkansas,Craighead
035,Arkansas,Crittenden
041,Arkansas,Desha
057,Arkansas,Hempstead
063,Arkansas,Independence
069,Arkansas,Jefferson
075,Arkansas,Lawrence
077,Arkansas,Lee
025,Arizona,Yavapai
005,Arkansas,Baxter
007,Arkansas,Benton
073,Idaho,Owyhee
085,Idaho,Valley
087,Idaho,Washington
013,Illinois,Calhoun
021,Illinois,Christian
027,Illinois,Clinton
031,Idaho,Cassia
035,Idaho,Clearwater
037,Idaho,Custer
049,Idaho,Idaho
059,Idaho,Lemhi
023,Indiana,Clinton
282,Alaska,Yakutat
021,Florida,Collier
033,Florida,Escambia
003,Hawaii,Honolulu
007,Idaho,Bear Lake
011,Idaho,Bingham
013,Idaho,Blaine
105,Arkansas,Perry
107,Arkansas,Phillips
119,Arkansas,Pulaski
031,Illinois,Cook
123,Indiana,Perry
129,Indiana,Posey
143,Indiana,Scott
147,Indiana,Spencer
155,Indiana,Switzerland
163,Indiana,Vanderburgh
029,Indiana,Dearborn
037,Indiana,Dubois
039,Indiana,Elkhart
135,Georgia,Gwinnett
145,Georgia,Harris
151,Georgia,Henry
161,Georgia,Jeff Davis
167,Georgia,Johnson
177,Georgia,Lee
179,Georgia,Liberty
107,Kansas,Linn
117,Kansas,Marshall
149,Illinois,Pike
157,Illinois,Randolph
161,Illinois,Rock Island
171,Illinois,Scott
173,Illinois,Shelby
181,Illinois,Union
185,Illinois,Wabash
193,Illinois,White
201,Illinois,Winnebago
287,Georgia,Turner
291,Georgia,Union
299,Georgia,Ware
105,Kentucky,Hickman
273,Texas,Kleberg
311,Texas,McMullen
315,Texas,Marion
321,Texas,Matagorda
337,Texas,Montague
047,West Virginia,McDowell
057,West Virginia,Mineral
063,West Virginia,Monroe
071,West Virginia,Pendleton
077,West Virginia,Preston
059,Virginia,Fairfax
071,Virginia,Giles
077,Virginia,Grayson
083,Virginia,Halifax
089,Virginia,Henry
093,Virginia,Isle of Wight
099,Virginia,King George
105,Virginia,Lee
033,Kentucky,Caldwell
305,Georgia,Wayne
117,Virginia,Mecklenburg
023,Unknown State,Cabo Rojo
033,Unknown State,Cataño
037,Unknown State,Ceiba
047,Unknown State,Corozal
049,Unknown State,Culebra
057,Unknown State,Guayama
065,Unknown State,Hatillo
007,Washington,Chelan
087,Unknown State,Loíza
091,Unknown State,Manatí
097,Unknown State,Mayagüez
107,Unknown State,Orocovis
113,Unknown State,Ponce
121,Unknown State,Sabana Grande
127,Unknown State,San Juan
133,Unknown State,Santa Isabel
141,Unknown State,Utuado
117,Texas,Deaf Smith
261,Texas,Kenedy
135,Texas,Ector
141,Texas,El Paso
155,Texas,Foard
161,Texas,Freestone
165,Texas,Gaines
107,Virginia,Loudoun
131,Virginia,Northampton
147,Virginia,Prince Edward
149,Virginia,Prince George
159,Virginia,Richmond
161,Virginia,Roanoke
165,Virginia,Rockingham
175,Virginia,Southampton
177,Virginia,Spotsylvania
071,Unknown State,Isabela
061,Wisconsin,Kewaunee
039,Wyoming,Teton
003,Unknown State,Aguada
009,Unknown State,Aibonito
015,Unknown State,Arroyo
047,Washington,Okanogan
129,Texas,Donley
167,Texas,Galveston
221,Texas,Hood
225,Texas,Houston
229,Texas,Hudspeth
245,Texas,Jefferson
257,Texas,Kaufman
193,Virginia,Westmoreland
199,Virginia,York
031,Washington,Jefferson
031,Wisconsin,Douglas
051,Wisconsin,Iron
049,Washington,Pacific
570,Virginia,Colonial Heights
630,Virginia,Fredericksburg
650,Virginia,Hampton
700,Virginia,Newport News
735,Virginia,Poquoson
770,Virginia,Roanoke
071,Wisconsin,Manitowoc
079,Wisconsin,Milwaukee
089,Wisconsin,Ozaukee
055,Washington,San Juan
061,Washington,Snohomish
071,Washington,Walla Walla
073,Washington,Whatcom
039,Louisiana,Evangeline
139,Minnesota,Scott
113,Nebraska,Logan
043,North Carolina,Clay
057,Ohio,Greene
009,New York,Cattaraugus
169,Tennessee,Trousdale
073,South Dakota,Jerauld
365,Texas,Panola
207,Texas,Haskell
690,Virginia,Martinsville
131,Wisconsin,Washington
067,West Virginia,Nicholas
087,Virginia,Henrico
043,Alabama,Cullman
109,Alabama,Pike
009,Connecticut,New Haven
049,Arkansas,Fulton
127,Arkansas,Scott
117,Kentucky,Kenton
123,Iowa,Mahaska
015,Tennessee,Cannon
011,North Dakota,Bowman
083,North Dakota,Sheridan
375,Texas,Potter
065,Nebraska,Furnas
135,Mississippi,Tallahatchie
019,Oregon,Douglas
013,Missouri,Bates
001,Wisconsin,Adams
057,Washington,Skagit
085,California,Santa Clara
017,Georgia,Ben Hill
047,Indiana,Franklin
123,Louisiana,West Carroll
067,Michigan,Ionia
185,North Carolina,Warren
015,South Carolina,Berkeley
045,Georgia,Carroll
093,North Carolina,Hoke
149,Kansas,Pottawatomie
033,Mississippi,DeSoto
001,Pennsylvania,Adams
161,North Carolina,Rutherford
051,Kentucky,Clay
245,Georgia,Richmond
251,Georgia,Screven
261,Georgia,Sumter
263,Georgia,Talbot
273,Georgia,Terrell
193,Kansas,Thomas
199,Kansas,Wallace
201,Kansas,Washington
195,Kentucky,Pike
211,Kentucky,Shelby
213,Kentucky,Simpson
223,Kentucky,Trimble
225,Kentucky,Union
037,Kansas,Crawford
043,Kansas,Doniphan
061,Kansas,Geary
067,Kansas,Grant
071,Kansas,Greeley
083,Kansas,Hodgeman
089,Kansas,Jewell
019,Louisiana,Calcasieu
027,Louisiana,Claiborne
029,Louisiana,Concordia
037,Louisiana,East Feliciana
009,Washington,Clallam
027,Washington,Grays Harbor
105,Wisconsin,Rock
117,Wisconsin,Sheboygan
127,Wisconsin,Walworth
009,Wisconsin,Brown
047,Utah,Uintah
053,Utah,Washington
001,Vermont,Addison
009,Vermont,Essex
017,Vermont,Orange
023,Vermont,Washington
003,Louisiana,Allen
009,Louisiana,Avoyelles
101,Louisiana,St. Mary
107,Louisiana,Tensas
109,Louisiana,Terrebonne
021,Kentucky,Boyle
023,Kentucky,Bracken
045,Louisiana,Iberia
047,Kentucky,Christian
055,Kentucky,Crittenden
059,Kentucky,Daviess
073,Kentucky,Franklin
075,Kentucky,Fulton
089,Kentucky,Greenup
095,Kentucky,Harlan
137,Wisconsin,Waushara
001,Wyoming,Albany
007,Wyoming,Carbon
011,Wyoming,Crook
013,Wyoming,Fremont
021,Wyoming,Laramie
031,West Virginia,Hardy
035,West Virginia,Jackson
041,West Virginia,Lewis
027,Vermont,Windsor
001,Virginia,Accomack
021,Virginia,Bland
027,Virginia,Buchanan
037,Virginia,Charlotte
041,Virginia,Chesterfield
